Test_MPIQE,2011-09-06 09:39:51,
Test_MPIQE,2011-09-06 09:39:51,
Test_MPIQE,2011-09-06 09:40:11,
Test_MPIQE,2011-09-06 09:40:11,
Test_MPIQE,2011-09-06 09:54:51,
Test_MPIQE,2011-09-06 09:54:52,
Test_MPIQE,2011-09-06 10:04:22,
Test_MPIQE,2011-09-06 10:04:23,
Test_MPIQE,2011-09-06 10:06:26,
Test_MPIQE,2011-09-06 10:06:26,
Test_MPIQE,2011-09-06 10:11:24,
Test_MPIQE,2011-09-06 10:11:24,
Test_MPIQE,2011-09-06 11:55:50,
Test_MPIQE,2011-09-06 11:55:51,
Test_MPIQE,2011-09-06 15:11:35,
Test_MPIQE,2011-09-06 15:11:36,
Test_MPIQE,2011-09-06 15:15:56,
Test_MPIQE,2011-09-06 15:15:56,
Test_MPIQE,2011-09-06 15:17:24,
Test_MPIQE,2011-09-06 15:17:24,
Test_MPIQE,2011-09-06 15:17:41,
Test_MPIQE,2011-09-06 15:17:42,
Test_MPIQE,2011-09-06 15:18:40,
Test_MPIQE,2011-09-06 15:18:41,
Test_MPIQE,2011-09-06 15:19:16,
Test_MPIQE,2011-09-06 15:19:17,
Test_MPIQE,2011-09-06 15:19:27,
Test_MPIQE,2011-09-06 15:19:28,
Test_MPIQE,2011-09-06 15:20:04,
Test_MPIQE,2011-09-06 15:20:04,
