Test_MPIQE,2011-09-07 09:39:47,
Test_MPIQE,2011-09-07 09:39:47,
Test_MPIQE,2011-09-07 10:02:11,
Test_MPIQE,2011-09-07 10:02:12,
Test_MPIQE,2011-09-07 10:04:03,
Test_MPIQE,2011-09-07 10:04:04,
Test_MPIQE,2011-09-07 10:16:28,
Test_MPIQE,2011-09-07 10:16:29,
Test_MPIQE,2011-09-07 10:18:09,
Test_MPIQE,2011-09-07 10:18:10,
Test_MPIQE,2011-09-07 10:18:18,
Test_MPIQE,2011-09-07 10:18:18,
Test_MPIQE,2011-09-07 10:27:58,
Test_MPIQE,2011-09-07 10:27:59,
Test_MPIQE,2011-09-07 10:29:32,
Test_MPIQE,2011-09-07 10:29:33,
Test_MPIQE,2011-09-07 10:41:44,
Test_MPIQE,2011-09-07 10:41:45,
Test_MPIQE,2011-09-07 10:42:35,
Test_MPIQE,2011-09-07 10:42:36,
Test_MPIQE,2011-09-07 10:43:29,
Test_MPIQE,2011-09-07 10:43:29,
Test_MPIQE,2011-09-07 10:45:36,
Test_MPIQE,2011-09-07 10:45:37,
Test_MPIQE,2011-09-07 10:54:44,
Test_MPIQE,2011-09-07 10:54:44,
Test_MPIQE,2011-09-07 11:02:23,
Test_MPIQE,2011-09-07 11:02:23,
Test_MPIQE,2011-09-07 11:03:32,
Test_MPIQE,2011-09-07 11:03:32,
Test_MPIQE,2011-09-07 11:03:43,
Test_MPIQE,2011-09-07 11:03:44,
Test_MPIQE,2011-09-07 11:05:27,
Test_MPIQE,2011-09-07 11:05:27,
Test_MPIQE,2011-09-07 11:07:42,
Test_MPIQE,2011-09-07 11:07:43,
Test_MPIQE,2011-09-07 11:12:00,
Test_MPIQE,2011-09-07 11:12:01,
Test_MPIQE,2011-09-07 11:17:43,
Test_MPIQE,2011-09-07 11:17:44,
Test_MPIQE,2011-09-07 11:19:00,
Test_MPIQE,2011-09-07 11:19:00,
Test_MPIQE,2011-09-07 11:23:37,
Test_MPIQE,2011-09-07 11:23:37,
Test_MPIQE,2011-09-07 11:24:32,
Test_MPIQE,2011-09-07 11:24:32,
Test_MPIQE,2011-09-07 11:27:43,
Test_MPIQE,2011-09-07 11:27:44,
Test_MPIQE,2011-09-07 11:29:56,
Test_MPIQE,2011-09-07 11:29:57,
Test_MPIQE,2011-09-07 11:30:49,
Test_MPIQE,2011-09-07 11:30:50,
Test_MPIQE,2011-09-07 11:32:05,
Test_MPIQE,2011-09-07 11:32:06,
Test_MPIQE,2011-09-07 11:35:06,
Test_MPIQE,2011-09-07 11:35:07,
Test_MPIQE,2011-09-07 11:41:25,
Test_MPIQE,2011-09-07 11:41:26,
Test_MPIQE,2011-09-07 14:33:42,
Test_MPIQE,2011-09-07 14:33:44,
Test_MPIQE,2011-09-07 14:35:46,
Test_MPIQE,2011-09-07 14:35:47,
Test_MPIQE,2011-09-07 14:36:17,
Test_MPIQE,2011-09-07 14:36:18,
Test_MPIQE,2011-09-07 14:38:03,
Test_MPIQE,2011-09-07 14:38:03,
Test_MPIQE,2011-09-07 14:40:19,
Test_MPIQE,2011-09-07 14:40:20,
Test_MPIQE,2011-09-07 16:16:16,
Test_MPIQE,2011-09-07 16:16:17,
Test_MPIQE,2011-09-07 16:17:05,
Test_MPIQE,2011-09-07 16:17:06,
Test_MPIQE,2011-09-07 16:19:06,
Test_MPIQE,2011-09-07 16:19:07,
Test_MPIQE,2011-09-07 16:25:03,
Test_MPIQE,2011-09-07 16:25:03,
Test_MPIQE,2011-09-07 16:25:26,
Test_MPIQE,2011-09-07 16:25:26,
Test_MPIQE,2011-09-07 16:27:12,
Test_MPIQE,2011-09-07 16:27:12,
Test_MPIQE,2011-09-07 16:28:26,
Test_MPIQE,2011-09-07 16:28:27,
Test_MPIQE,2011-09-07 16:36:29,
Test_MPIQE,2011-09-07 16:36:30,
Test_MPIQE,2011-09-07 16:38:06,
Test_MPIQE,2011-09-07 16:38:07,
Test_MPIQE,2011-09-07 16:46:12,
Test_MPIQE,2011-09-07 16:46:13,
Test_MPIQE,2011-09-07 16:47:24,
Test_MPIQE,2011-09-07 16:47:25,
